{
    "1920x1080": {
        "scale_factor": 1.2769015785411095,
        "img_offset": [
            2.5571860033035136,
            5.64984765315063
        ]
    },
    "800x480": {
        "scale_factor": 0.5310839686650592,
        "img_offset": [
            0,
            0
        ]
    }
}